time,latitude,longitude,depth,mag,magType,nst,gap,dmin,rms,net,id,updated,place,type,horizontalError,depthError,magError,magNst,status,locationSource,magSource
2021-11-06T00:08:47.330Z,38.2553,140.7112,101.43,4.3,mb,,130,2.545,0.5,us,us7000frw9,2021-11-13T04:20:04.040Z,"13 km W of Sendai, Japan",earthquake,9.7,7.4,0.109,24,reviewed,us,us
2021-11-06T00:44:53.651Z,28.94805908,-98.3537454,4.915405273,2.7,ml,26,36,0.05725696914,0.2,tx,tx2021vspy,2021-11-08T23:01:03.040Z,"12 km E of Pleasanton, Texas",earthquake,1.08721035,1.52747781,0.2,16,reviewed,tx,tx
2021-11-06T00:56:44.076Z,-7.4778,128.0654,141.09,4.2,mb,,84,4.384,0.51,us,us7000ft71,2021-11-13T05:01:10.040Z,"164 km NE of Lospalos, Timor Leste",earthquake,8.2,11.1,0.176,9,reviewed,us,us
2021-11-06T01:20:32.700Z,19.2363333333333,-155.399833333333,32.32,2.64,ml,53,138,,0.12,hv,hv72784177,2021-11-06T03:44:37.790Z,"9 km ENE of P?hala, Hawaii",earthquake,0.38,0.48,0.18713020696826,27,reviewed,hv,hv
2021-11-06T02:04:16.941Z,-21.5989,-68.6491,140.79,4.2,mb,,86,0.957,0.79,us,us7000frwp,2021-11-06T02:19:46.040Z,"99 km NNE of Calama, Chile",earthquake,7.8,11.6,0.216,7,reviewed,us,us
2021-11-06T02:32:13.067Z,-11.6028,166.6303,140.01,4.3,mb,,159,3.861,0.53,us,us7000ft70,2021-11-12T22:11:28.040Z,"133 km SE of Lata, Solomon Islands",earthquake,13.7,7.7,0.2,9,reviewed,us,us
2021-11-06T03:56:19.491Z,-1.3113,120.6166,10,5.1,mww,,46,2.171,1.03,us,us7000frwy,2021-11-06T04:58:44.990Z,"17 km WNW of Poso, Indonesia",earthquake,5.7,1.9,0.093,11,reviewed,us,us
2021-11-06T04:17:58.450Z,17.9405,-66.83,11,2.66,md,20,204,0.2162,0.1,pr,pr2021310000,2021-11-06T04:33:39.605Z,"6 km S of Indios, Puerto Rico",earthquake,0.47,0.59,0.02,5,reviewed,pr,pr
2021-11-06T05:04:16.613Z,13.5022,-89.9782,59.84,4.3,mb,,189,0.536,0.87,us,us7000frxa,2021-11-09T23:16:39.699Z,"19 km WSW of Acajutla, El Salvador",earthquake,9.7,8.8,0.16,11,reviewed,us,us
2021-11-06T05:08:40.560Z,17.856,-65.6966,4,3.08,md,10,244,0.2809,0.25,pr,pr2021310001,2021-11-06T05:31:11.356Z,"25 km SE of Emajagua, Puerto Rico",earthquake,0.85,0.95,0.13,3,reviewed,pr,pr
2021-11-06T05:30:22.461Z,-6.1268,130.1686,159.1,4.5,mb,,74,3.801,0.74,us,us7000frxq,2021-11-06T05:49:21.040Z,"Banda Sea",earthquake,3.7,8.4,0.098,31,reviewed,us,us
2021-11-06T05:49:24.707Z,36.7328,-105.0002,5,2.6,ml,,59,0.112,0.69,us,us7000frxu,2021-11-07T02:01:41.314Z,"21 km NNE of Ute Park, New Mexico",earthquake,3.9,2,0.061,35,reviewed,us,us
2021-11-06T06:03:02.659Z,63.2071,-151.5404,14.6,2.5,ml,,,,0.92,ak,ak021e8s6u3g,2021-11-07T05:22:40.501Z,"38 km SSE of Denali National Park, Alaska",earthquake,,0.4,,,automatic,ak,ak
2021-11-06T06:05:26.505Z,46.3705,152.617,36.56,4.7,mb,,176,6.809,0.54,us,us7000fry6,2021-11-06T06:52:28.040Z,"Kuril Islands",earthquake,9.8,6.6,0.106,27,reviewed,us,us
2021-11-06T06:19:36.632Z,29.8844,-113.9053,10,4.3,mb,,161,1.41,0.7,us,us7000fry2,2021-11-07T06:21:52.515Z,"117 km W of La Libertad, Mexico",earthquake,6.9,2,0.217,6,reviewed,us,us
2021-11-06T07:12:36.324Z,-19.864,-177.4746,555.97,4.1,mb,,137,4.731,0.61,us,us7000fryc,2021-11-06T12:40:57.040Z,"275 km WNW of Haveluloto, Tonga",earthquake,13.1,9.5,0.135,15,reviewed,us,us
2021-11-06T08:15:29.140Z,19.3881666666667,-155.4565,8.49,2.98,ml,52,53,,0.14,hv,hv72784467,2021-11-06T20:45:24.467Z,"20 km N of P?hala, Hawaii",earthquake,0.25,0.34,0.177696214144402,37,reviewed,hv,hv
2021-11-06T08:50:05.110Z,18.029,-66.7776,13,2.63,md,23,102,0.1719,0.13,pr,pr2021310003,2021-11-06T18:27:44.737Z,"1 km NW of Magas Arriba, Puerto Rico",earthquake,0.36,0.21,0.41,5,reviewed,pr,pr
2021-11-06T08:55:15.024Z,-16.9959,-174.3935,216.05,4.4,mb,,129,3.969,0.74,us,us7000fryt,2021-11-06T13:11:55.040Z,"131 km SSW of Hihifo, Tonga",earthquake,8.8,8.1,0.12,20,reviewed,us,us
2021-11-06T09:21:11.730Z,62.9453,-148.442,0,2.9,ml,,,,0.59,ak,ak021e8u30f6,2021-11-07T22:26:53.981Z,"55 km SSE of Cantwell, Alaska",earthquake,,0,,,reviewed,ak,ak
2021-11-06T09:37:23.644Z,53.6824,162.2625,10,4.5,mb,,113,2.263,1,us,us7000fryz,2021-11-06T10:11:07.040Z,"251 km ENE of Petropavlovsk-Kamchatsky, Russia",earthquake,8.4,1.9,0.065,70,reviewed,us,us
2021-11-06T09:56:22.566Z,-60.1682,-24.6229,10,4.7,mb,,94,14.433,0.51,us,us7000frz9,2021-11-06T10:51:30.040Z,"South Sandwich Islands region",earthquake,14,1.9,0.098,33,reviewed,us,us
2021-11-06T09:57:24.318Z,-16.1185,-173.5932,88.27,4.6,mb,,141,2.808,0.41,us,us7000frz4,2021-11-06T10:30:21.040Z,"28 km SE of Hihifo, Tonga",earthquake,11,11,0.133,20,reviewed,us,us
2021-11-06T11:17:17.900Z,19.1671666666667,-155.491666666667,34.9,2.5,md,44,103,,0.11,hv,hv72784642,2021-11-06T20:55:13.470Z,"4 km SSW of P?hala, Hawaii",earthquake,0.47,0.63,0.120174179420781,18,reviewed,hv,hv
2021-11-06T13:03:02.864Z,-21.3208,-173.633,10,5.3,mb,,189,7.579,0.67,us,us7000frzy,2021-11-07T01:45:58.025Z,"136 km E of ‘Ohonua, Tonga",earthquake,7.6,2,0.094,38,reviewed,us,us
2021-11-06T13:09:16.515Z,24.2243,94.8334,107.01,4.4,mb,,106,0.486,0.9,us,us7000fs01,2021-11-06T17:21:38.040Z,"77 km NE of Mawlaik, Myanmar",earthquake,8.1,6,0.112,23,reviewed,us,us
2021-11-06T14:37:37.418Z,-0.0751,124.3146,39.85,6,mww,,22,1.817,1.33,us,us7000fs08,2021-11-08T20:09:56.040Z,"154 km ESE of Gorontalo, Indonesia",earthquake,6.4,3.9,0.06,27,reviewed,us,us
2021-11-06T14:51:02.867Z,60.3784,-152.4032,84.9,2.5,ml,,,,0.81,ak,ak021e8x8lbv,2021-11-06T17:25:32.040Z,"54 km NW of Ninilchik, Alaska",earthquake,,0.6,,,automatic,ak,ak
2021-11-06T15:13:19.459Z,-58.5233,-23.3964,10,5.3,mb,,68,8.407,0.99,us,us7000fs1f,2021-11-06T15:31:10.040Z,"South Sandwich Islands region",earthquake,8.8,1.9,0.065,80,reviewed,us,us
2021-11-06T15:43:50.510Z,17.9861,-66.7296,10,2.52,md,11,170,0.1358,0.13,pr,pr2021310004,2021-11-06T16:00:14.909Z,"1 km SW of Tallaboa, Puerto Rico",earthquake,0.35,0.57,0.11,7,reviewed,pr,pr
2021-11-06T16:01:56.581Z,-3.4701,134.0201,17.43,4.7,mb,,113,1.851,0.71,us,us7000fs2d,2021-11-06T16:39:18.040Z,"164 km W of Nabire, Indonesia",earthquake,9.9,5.6,0.071,60,reviewed,us,us
2021-11-06T16:12:12.313Z,-3.4626,134.2232,10,4.3,mb,,141,2.043,1.01,us,us7000fs2g,2021-11-06T17:14:25.040Z,"142 km W of Nabire, Indonesia",earthquake,6.1,1.9,0.133,16,reviewed,us,us
2021-11-06T16:35:44.410Z,19.2276666666667,-155.383166666667,31.26,2.86,ml,53,151,,0.12,hv,hv72784922,2021-11-10T00:04:44.120Z,"10 km ENE of P?hala, Hawaii",earthquake,0.44,0.53,0.198481331227733,34,reviewed,hv,hv
2021-11-06T18:00:13.500Z,17.8771,-65.7031,4,3.36,md,15,233,0.2666,0.35,pr,pr2021310005,2021-11-06T18:40:43.710Z,"23 km SE of Emajagua, Puerto Rico",earthquake,1.06,1.02,0.09,11,reviewed,pr,pr
2021-11-06T19:00:37.433Z,-11.8916,-73.429,52.67,4.8,mb,,91,3.341,0.44,us,us7000fs3a,2021-11-06T19:23:23.040Z,"52 km WNW of Pangoa, Peru",earthquake,7.8,9.9,0.097,33,reviewed,us,us
2021-11-06T20:31:25.917Z,-18.2776,-69.5352,132.87,4.2,mb,,69,0.062,0.73,us,us7000fs3l,2021-11-06T21:53:57.040Z,"71 km SE of Palca, Peru",earthquake,5.7,4.5,0.159,11,reviewed,us,us
2021-11-06T20:32:52.855Z,-24.2797,179.9977,513.29,4.9,mb,,78,5.299,0.93,us,us7000fs3m,2021-11-06T20:48:23.040Z,"south of the Fiji Islands",earthquake,9.6,6.1,0.068,67,reviewed,us,us
2021-11-06T20:45:56.954Z,-20.3541,-70.0249,53.74,2.7,ml,,178,0.684,0.29,us,us7000fs3q,2021-11-07T23:01:16.020Z,"20 km SE of Iquique, Chile",earthquake,4.3,14.4,0.077,22,reviewed,us,us
2021-11-06T21:08:34.806Z,-34.0585,-179.6003,35,4.3,mb,,163,3.888,1.04,us,us7000fs3t,2021-11-06T22:06:43.040Z,"south of the Kermadec Islands",earthquake,12.7,2,0.177,9,reviewed,us,us
2021-11-06T22:52:23.392Z,-17.9856,-178.0248,605.24,4.3,mb,,91,3.658,0.78,us,us7000fs44,2021-11-06T23:15:06.040Z,"281 km E of Levuka, Fiji",earthquake,13.1,6.6,0.062,73,reviewed,us,us
2021-11-06T23:17:37.982Z,-4.0261,140.0439,51.73,4.4,mb,,183,7.858,0.55,us,us7000fs47,2021-11-06T23:34:06.040Z,"171 km SSW of Abepura, Indonesia",earthquake,6.5,13.6,0.178,9,reviewed,us,us
2021-11-06T23:22:22.209Z,58.3657,-133.5566,7.47,2.8,ml,,108,0.515,0.52,us,us7000fs48,2021-11-07T02:03:54.040Z,"51 km E of Juneau, Alaska",earthquake,3.2,7.6,0.06,36,reviewed,us,us
2021-11-07T00:42:24.010Z,41.9259987,-121.9638367,2.77,2.58,md,15,70,0.1708,0.09,nc,nc73649690,2021-11-07T02:14:10.866Z,"6km SW of Dorris, CA",earthquake,0.34,10.8,0.1,11,automatic,nc,nc
2021-11-07T03:16:44.975Z,-40.3332,173.4111,213.06,5.2,mww,,35,0.779,0.98,us,us7000fs4q,2021-11-08T03:20:30.437Z,"77 km NE of Takaka, New Zealand",earthquake,7.5,6.1,0.089,12,reviewed,us,us
2021-11-07T03:39:33.757Z,-19.266,-173.4713,10,5.4,mww,,81,5.567,1.09,us,us7000fs4v,2021-11-08T03:42:18.397Z,"86 km SE of Neiafu, Tonga",earthquake,11.1,1.9,0.098,10,reviewed,us,us
2021-11-07T03:50:47.121Z,0.9638,119.9714,35,4.5,mb,,146,0.823,0.85,us,us7000ft8w,2021-11-12T22:34:18.040Z,"207 km N of Palu, Indonesia",earthquake,9.6,2,0.221,7,reviewed,us,us
2021-11-07T04:36:34.408Z,-7.343,116.7678,10,4.3,mb,,66,2.822,1.3,us,us7000ft8x,2021-11-12T22:47:35.040Z,"128 km N of Labuan Lombok, Indonesia",earthquake,6.2,1.9,0.216,7,reviewed,us,us
2021-11-07T05:03:02.277Z,35.8652,70.7477,93.44,4.2,mb,,91,1.265,0.56,us,us7000fs58,2021-11-07T05:55:16.040Z,"51 km NNW of P?r?n, Afghanistan",earthquake,5.1,10.8,0.141,16,reviewed,us,us
2021-11-07T05:11:24.817Z,32.1268,142.6049,10,4.4,mb,,135,2.553,0.51,us,us7000fs5c,2021-11-07T06:32:45.040Z,"Izu Islands, Japan region",earthquake,8.8,1.9,0.123,23,reviewed,us,us
2021-11-07T05:56:02.949Z,69.6639,-144.0875,23.9,3.4,ml,,,,0.84,ak,ak021eafg42a,2021-11-07T19:17:27.720Z,"55 km SSW of Kaktovik, Alaska",earthquake,,0.5,,,reviewed,ak,ak
2021-11-07T07:53:19.550Z,18.7248,-66.8441,60,3.31,md,21,224,0.3709,0.2,pr,pr2021311000,2021-11-07T08:12:24.895Z,"26 km N of Hatillo, Puerto Rico",earthquake,0.91,1.26,0.07,4,reviewed,pr,pr
2021-11-07T07:58:28.620Z,35.5058333,-118.3856667,6.45,2.64,ml,51,31,0.1909,0.15,ci,ci39851063,2021-11-08T17:31:35.980Z,"13km SE of Bodfish, CA",earthquake,0.15,0.64,0.159,111,reviewed,ci,ci
2021-11-07T09:14:51.360Z,17.9443,-67.1026,9,3.24,md,23,237,0.0625,0.12,pr,pr2021311001,2021-11-07T09:39:29.870Z,"6 km WSW of La Parguera, Puerto Rico",earthquake,0.63,0.46,0.15,21,reviewed,pr,pr
2021-11-07T09:36:13.030Z,19.2316666666667,-155.4025,33.04,2.81,ml,55,139,,0.12,hv,hv72786022,2021-11-09T04:16:03.330Z,"8 km ENE of P?hala, Hawaii",earthquake,0.42,0.5,0.179402600743701,38,reviewed,hv,hv
2021-11-07T10:14:32.020Z,17.9505,-67.0945,9,2.96,md,20,243,0.0537,0.1,pr,pr2021311003,2021-11-07T10:42:41.444Z,"5 km WSW of La Parguera, Puerto Rico",earthquake,0.55,0.38,0.27,13,reviewed,pr,pr
2021-11-07T11:01:38.620Z,18.8938,-67.963,6,3.57,md,23,173,0.5651,0.44,pr,pr2021311004,2021-11-07T11:50:41.291Z,"57 km NE of Punta Cana, Dominican Republic",earthquake,1.94,1.28,0.13,21,reviewed,pr,pr
2021-11-07T11:29:03.404Z,0.1951,98.5164,50.03,4.4,mb,,139,1.448,0.55,us,us7000fs74,2021-11-07T11:52:59.040Z,"155 km SSW of Padangsidempuan, Indonesia",earthquake,2.6,8.9,0.115,25,reviewed,us,us
2021-11-07T12:44:30.590Z,40.2686,142.273,58.9,4.4,mb,,150,1.057,0.42,us,us7000fs7h,2021-11-07T20:03:53.245Z,"70 km ESE of Hachinohe, Japan",earthquake,7.3,8.6,0.114,23,reviewed,us,us
2021-11-07T15:23:08.708Z,-29.7007,179.7812,454.1,4.1,mb,,102,2.051,0.8,us,us7000fs82,2021-11-08T15:49:12.040Z,"Kermadec Islands region",earthquake,21.9,13.5,0.123,19,reviewed,us,us
2021-11-07T16:20:46.577Z,27.3029,88.797,10,4.6,mb,,141,3.242,0.63,us,us7000fs8a,2021-11-08T01:25:58.212Z,"18 km E of Gangtok, India",earthquake,11.7,1.9,0.06,86,reviewed,us,us
2021-11-07T16:28:17.132Z,-2.9276,129.369,10,4.7,mb,,57,2.876,0.62,us,us7000fs8b,2021-11-07T17:04:00.040Z,"67 km NE of Amahai, Indonesia",earthquake,7,1.9,0.073,60,reviewed,us,us
2021-11-07T17:58:03.624Z,55.1121,-160.3769,58.14,3.5,ml,,131,0.244,0.47,us,us7000fs8q,2021-11-07T18:49:50.040Z,"26 km SSE of Sand Point, Alaska",earthquake,1.6,6.1,0.061,35,reviewed,us,us
2021-11-07T18:08:32.197Z,36.2202,140.0225,61.39,4.4,mb,,139,1.498,0.73,us,us7000fs8w,2021-11-10T09:29:17.364Z,"7 km WNW of Tsukuba, Japan",earthquake,3.5,8,0.095,32,reviewed,us,us
2021-11-07T18:44:43.470Z,19.2358333333333,-155.3895,32.6,2.72,ml,54,143,,0.12,hv,hv72786447,2021-11-09T22:20:29.510Z,"10 km ENE of P?hala, Hawaii",earthquake,0.44,0.5,0.211670076787293,36,reviewed,hv,hv
2021-11-07T18:50:24.591Z,-57.8709,-25.4456,64.17,5.1,mb,,79,7.147,0.78,us,us7000fs93,2021-11-07T19:06:00.040Z,"South Sandwich Islands region",earthquake,11.7,8.5,0.083,47,reviewed,us,us
2021-11-07T19:08:53.939Z,35.106,-95.39033333,6.91,2.52,ml,61,69,0.1151773983,0.22,ok,ok2021vvvw,2021-11-08T14:26:44.028Z,"2 km SW of Quinton, Oklahoma",earthquake,,0.4,0.24,8,reviewed,ok,ok
2021-11-07T19:22:20.487Z,41.0692,141.9184,66.63,4.5,mb,,84,0.704,0.84,us,us7000fs98,2021-11-08T02:30:58.000Z,"61 km NE of Misawa, Japan",earthquake,7.2,6.9,0.091,35,reviewed,us,us
2021-11-07T19:43:20.793Z,-1.9911,125.7514,31.93,4.5,mb,,68,3.124,1.13,us,us7000fs9e,2021-11-07T20:39:01.040Z,"Pulau-Pulau Sula, Indonesia",earthquake,5.2,6.1,0.181,9,reviewed,us,us
2021-11-07T19:44:20.410Z,37.4083333,-118.5161667,7.41,2.81,md,31,63,0.06664,0.05,nc,nc73650135,2021-11-12T09:52:10.925Z,"7km E of Round Valley, CA",earthquake,0.19,0.56,0.232,66,reviewed,nc,nc
2021-11-07T20:53:38.330Z,44.4528333,-115.2328333,4.51,2.79,ml,10,93,1.068,0.2,mb,mb80529524,2021-11-08T15:23:02.140Z,"35 km NW of Stanley, Idaho",earthquake,0.92,1.95,0.203,17,reviewed,mb,mb
2021-11-07T23:20:01.970Z,19.1998333333333,-155.404333333333,33.66,2.73,ml,53,158,,0.12,hv,hv72786667,2021-11-13T04:25:18.040Z,"7 km E of P?hala, Hawaii",earthquake,0.43,0.51,0.164204773144607,34,reviewed,hv,hv
2021-11-08T00:34:28.911Z,44.4995,-115.1738,10,3.1,ml,,80,0.831,0.57,us,us7000fsar,2021-11-13T04:42:45.802Z,"36 km NNW of Stanley, Idaho",earthquake,1.9,2,0.034,117,reviewed,us,us
2021-11-08T02:18:33.296Z,24.7275,95.2339,118.09,4.5,mb,,97,2.56,0.93,us,us7000fsb1,2021-11-08T02:39:00.040Z,"119 km E of W?ngjing, India",earthquake,9.4,3.3,0.07,59,reviewed,us,us
2021-11-08T02:49:08.290Z,19.4108333333333,-155.272,2.13,2.7,md,16,60,,0.14,hv,hv72000273,2021-11-13T00:16:09.040Z,"5 km SW of Volcano, Hawaii",earthquake,0.21,0.24,0.0792367688334388,4,reviewed,hv,hv
2021-11-08T04:16:48.005Z,7.933,126.6524,69.83,4.8,mb,,79,1.366,0.9,us,us7000fsbe,2021-11-08T04:32:28.040Z,"23 km ESE of Santa Maria, Philippines",earthquake,9.4,7.2,0.082,46,reviewed,us,us
2021-11-08T04:52:46.667Z,-29.1904,-71.0876,80.41,4.8,mb,,95,0.383,0.94,us,us7000fsbk,2021-11-08T09:27:53.465Z,"75 km SSW of Vallenar, Chile",earthquake,1.8,5.2,0.09,38,reviewed,us,us
2021-11-08T05:05:56.282Z,-0.5679,123.5638,10,5,mww,,82,0.921,1.11,us,us7000fsbt,2021-11-08T05:20:02.040Z,"96 km ENE of Luwuk, Indonesia",earthquake,6.2,1.9,0.098,10,reviewed,us,us
2021-11-08T05:24:46.916Z,38.1448,-118.2335,8.3,3.2,ml,33,54.55,0.144,0.1668,nn,nn00827626,2021-11-09T02:37:17.643Z,"29 km SSW of Mina, Nevada",earthquake,,2.7,0.25,15,reviewed,nn,nn
2021-11-08T05:48:48.260Z,40.3759995,-125.0865021,21.99,2.82,md,18,301,0.7109,0.34,nc,nc73650280,2021-11-08T08:05:15.022Z,"68km W of Petrolia, CA",earthquake,14.31,29.32,0.13,3,automatic,nc,nc
2021-11-08T06:16:27.185Z,-33.9731,-73.4161,10,4.6,mwr,,52,1.532,0.76,us,us7000fsc4,2021-11-09T00:41:58.499Z,"Off the coast of Valparaiso, Chile",earthquake,5.2,1.8,0.05,38,reviewed,us,us
2021-11-08T06:20:57.279Z,38.6771,-97.4843,5,2.6,mb_lg,,98,0.735,0.28,us,us7000fsc5,2021-11-09T03:39:59.294Z,"5 km WSW of Gypsum, Kansas",earthquake,1.9,2,0.124,19,reviewed,us,us
2021-11-08T06:46:26.725Z,38.6766,-97.4495,5,2.5,mb_lg,,100,0.751,0.78,us,us7000fscb,2021-11-10T01:22:41.499Z,"3 km SSW of Gypsum, Kansas",earthquake,1.9,2,0.17,11,reviewed,us,us
2021-11-08T07:04:49.921Z,6.4973,126.154,85.96,4.8,mb,,110,0.805,0.66,us,us7000fsce,2021-11-08T09:37:00.708Z,"4 km NE of Nangan, Philippines",earthquake,7.9,6.6,0.083,46,reviewed,us,us
2021-11-08T07:53:38.650Z,19.3395,-155.319833333333,26.97,2.95,ml,55,58,,0.12,hv,hv72787112,2021-11-08T20:07:16.283Z,"14 km SW of Volcano, Hawaii",earthquake,0.32,0.37,0.198302082727262,37,reviewed,hv,hv
2021-11-08T08:04:10.790Z,51.453,-178.753,12.16,2.51,ml,20,197,,0.26,av,av91410091,2021-11-09T00:40:15.100Z,"153 km WSW of Adak, Alaska",earthquake,0.94,1.19,0.285465699028524,22,reviewed,av,av
2021-11-08T08:31:07.621Z,-7.133,126.5282,395.81,4.2,mb,,46,3.433,0.68,us,us7000fscs,2021-11-08T08:58:50.040Z,"148 km N of Baukau, Timor Leste",earthquake,9.2,7.9,0.086,40,reviewed,us,us
2021-11-08T09:09:22.497Z,63.6012,-149.2698,0,2.9,ml,,,,0.64,ak,ak021ec535ly,2021-11-08T20:05:37.846Z,"22 km SW of Denali Park, Alaska",earthquake,,0,,,reviewed,ak,ak
2021-11-08T09:15:30.227Z,37.2915,-117.4805,5.1,2.7,ml,28,71.33,0.144,0.1785,nn,nn00827653,2021-11-09T02:37:28.679Z,"51 km SSW of Goldfield, Nevada",earthquake,,1.1,0.51,19,reviewed,nn,nn
2021-11-08T10:06:01.974Z,-35.5042,-71.4017,101.82,4.2,mb,,104,0.258,0.43,us,us7000fsdc,2021-11-08T10:25:02.040Z,"8 km ENE of San Clemente, Chile",earthquake,4.7,5.8,0.187,8,reviewed,us,us
2021-11-08T10:10:15.230Z,36.95866667,-98.08566667,5,2.66,ml,95,96,0,0.24,ok,ok2021vwzp,2021-11-10T13:28:47.070Z,"5 km SW of Manchester, Oklahoma",earthquake,,0.5,0.22,41,reviewed,ok,ok
2021-11-08T10:16:19.919Z,51.9528,-170.5058,35,3.6,ml,,209,2.04,0.48,us,us7000fsfv,2021-11-09T09:12:36.040Z,"156 km SW of Nikolski, Alaska",earthquake,3.9,2,0.085,18,reviewed,us,us
2021-11-08T10:27:49.520Z,17.9685,-66.9751,7,2.68,md,16,193,0.0691,0.18,pr,pr2021312001,2021-11-08T10:50:15.483Z,"6 km WSW of Fuig, Puerto Rico",earthquake,0.57,0.34,0.25,11,reviewed,pr,pr
2021-11-08T11:37:58.127Z,38.9691,-118.1516,5.4,2.7,ml,31,71.08,0.089,0.1361,nn,nn00827660,2021-11-09T02:37:34.858Z,"22 km WNW of Gabbs, Nevada",earthquake,,1,0.37,15,reviewed,nn,nn
2021-11-08T12:52:54.320Z,17.9943,-66.9995,9,2.68,md,12,155,0.0512,0.15,pr,pr2021312002,2021-11-08T13:25:43.415Z,"5 km ENE of La Parguera, Puerto Rico",earthquake,0.41,0.63,0.16,5,reviewed,pr,pr
2021-11-08T16:00:43.269Z,69.5946,-144.2617,10,2.6,ml,,115,0.195,0.24,us,us7000fsex,2021-11-08T16:42:37.040Z,"64 km SSW of Kaktovik, Alaska",earthquake,3.8,2,0.057,40,reviewed,us,us
2021-11-08T16:02:50.573Z,-25.6398,-178.4354,342.92,4.5,mb,,127,3.637,0.6,us,us7000fsf0,2021-11-08T16:39:38.040Z,"south of the Fiji Islands",earthquake,11.4,7.4,0.058,88,reviewed,us,us
2021-11-08T16:15:02.908Z,37.1128,140.4117,47.69,4.7,mb,,102,1.856,0.34,us,us7000fsf4,2021-11-10T09:28:39.839Z,"5 km SW of Ishikawa, Japan",earthquake,7.5,6.7,0.035,250,reviewed,us,us
2021-11-08T16:27:20.875Z,27.7409,139.9831,499.27,4.1,mb,,56,2.059,0.41,us,us7000fsf7,2021-11-08T17:41:40.040Z,"Bonin Islands, Japan region",earthquake,9.7,8.4,0.047,124,reviewed,us,us
2021-11-08T17:43:21.946Z,37.8505,32.1712,10,5.1,mww,,26,1.315,0.46,us,us7000fsfm,2021-11-12T17:50:53.611Z,"22 km SE of Derbent, Turkey",earthquake,5.1,1.9,0.053,34,reviewed,us,us
2021-11-08T17:45:44.987Z,13.1454,-89.178,71.53,4.5,mb,,149,0.57,1.12,us,us7000fsfp,2021-11-09T03:25:40.836Z,"41 km SSE of La Libertad, El Salvador",earthquake,7.2,7.4,0.052,109,reviewed,us,us
2021-11-08T18:23:19.110Z,18.2505,-67.8011,148,3.65,md,7,180,0.3487,0.21,pr,pr2021312003,2021-11-08T19:45:02.103Z,"59 km W of Rincón, Puerto Rico",earthquake,3.92,1.41,0.19,7,reviewed,pr,pr
2021-11-08T19:17:53.200Z,17.9356,-66.925,8,3.03,md,17,190,0.1239,0.17,pr,pr2021312004,2021-11-08T21:11:33.688Z,"4 km SSW of Guánica, Puerto Rico",earthquake,0.49,1.01,0.16,10,reviewed,pr,pr
2021-11-08T19:35:28.084Z,38.1025,93.7149,10,4.4,mb,,98,11.989,0.71,us,us7000fsgb,2021-11-08T21:30:43.040Z,"northern Qinghai, China",earthquake,12,1.9,0.109,24,reviewed,us,us
2021-11-08T20:07:55.112Z,-0.2324,125.1272,54.15,4.6,mb,,64,2.451,0.98,us,us7000fsgi,2021-11-08T21:18:40.040Z,"Molucca Sea",earthquake,8.1,7.6,0.073,57,reviewed,us,us
2021-11-08T21:05:27.010Z,31.67129056,-104.4007945,7.494091797,2.5,ml,15,69,0.08527386181,0.2,tx,tx2021vxvf,2021-11-08T22:07:11.040Z,"55 km S of Whites City, New Mexico",earthquake,1.114015665,1.6801296109999997,0.2,10,reviewed,tx,tx
2021-11-08T21:36:12.970Z,36.4760017,-121.055336,8.12,2.55,md,36,76,0.02079,0.11,nc,nc73650505,2021-11-09T15:11:59.334Z,"10km SE of Pinnacles, CA",earthquake,0.26,0.5,0.18,37,automatic,nc,nc
2021-11-08T23:20:29.980Z,17.9155,-66.7471,6,3.05,md,20,184,0.1899,0.19,pr,pr2021312005,2021-11-08T23:50:24.112Z,"9 km SSW of Tallaboa, Puerto Rico",earthquake,0.51,0.35,0.15,14,reviewed,pr,pr
2021-11-08T23:23:22.650Z,36.1585,-89.6883333,7.52,2.59,md,61,33,0.03998,0.11,nm,nm60362592,2021-11-09T21:32:54.242Z,"4 km SW of Caruthersville, Missouri",earthquake,0.13,0.43,0.076,40,reviewed,nm,nm
2021-11-09T00:14:06.040Z,-47.3267,32.1154,10,4.7,mb,,84,14.695,0.62,us,us7000ftl1,2021-11-13T05:53:02.040Z,"Prince Edward Islands region",earthquake,7,1.9,0.099,31,reviewed,us,us
2021-11-09T00:25:22.870Z,19.1716666666667,-155.472333333333,31.72,3.23,ml,54,79,,0.12,hv,hv72788152,2021-11-13T04:45:07.040Z,"3 km S of P?hala, Hawaii",earthquake,0.42,0.54,0.194040052725444,39,reviewed,hv,hv
2021-11-09T02:00:41.982Z,61.6772,-150.2835,21,3.4,ml,,,,0.57,ak,ak021edoel2m,2021-11-10T04:39:26.436Z,"15 km WSW of Willow, Alaska",earthquake,,0.2,,,reviewed,ak,ak
2021-11-09T02:19:09.125Z,-5.3981,123.184,10,4.8,mb,,65,3.35,0.87,us,us7000fsj4,2021-11-09T02:51:00.040Z,"90 km SE of Katabu, Indonesia",earthquake,7.4,1.9,0.105,28,reviewed,us,us
2021-11-09T02:53:50.035Z,11.1533,-86.6853,17,5.9,mww,,27,1.078,0.77,us,us7000fsjc,2021-11-10T04:58:32.513Z,"72 km SSW of Masachapa, Nicaragua",earthquake,3.3,1.7,0.035,78,reviewed,us,us
2021-11-09T03:04:03.321Z,51.172,-174.033,47.8,2.8,ml,,,,0.55,ak,ak021edp0t9b,2021-11-09T07:25:01.405Z,"114 km S of Atka, Alaska",earthquake,,19.3,,,reviewed,ak,ak
2021-11-09T04:17:23.277Z,25.4273,94.8924,66.89,4.3,mb,,117,1.308,0.58,us,us7000fsk5,2021-11-09T05:00:31.040Z,"47 km SE of Phek, India",earthquake,9.5,10,0.177,9,reviewed,us,us
2021-11-09T05:57:44.679Z,56.1554,-161.3658,199.07,3.3,ml,,108,0.857,0.72,us,us7000fskq,2021-11-09T07:07:19.040Z,"19 km NNW of Nelson Lagoon, Alaska",earthquake,7.7,9.1,0.05,52,reviewed,us,us
2021-11-09T06:24:23.814Z,11.1869,-86.4882,35,5.7,mb,,154,0.947,1.61,us,us7000fsku,2021-11-10T06:27:56.901Z,"66 km WSW of Tola, Nicaragua",earthquake,3.6,2,0.025,587,reviewed,us,us
2021-11-09T06:25:17.066Z,11.2315,-86.5185,35,6.2,mww,,89,0.949,1.38,us,us7000fskw,2021-11-10T06:28:50.606Z,"61 km S of Masachapa, Nicaragua",earthquake,6.6,1.9,0.093,11,reviewed,us,us
2021-11-09T06:39:56.340Z,19.2158333333333,-155.420666666667,33.77,3.04,ml,56,139,,0.12,hv,hv72788582,2021-11-09T23:18:23.229Z,"6 km ENE of P?hala, Hawaii",earthquake,0.42,0.5,0.153312813321554,38,reviewed,hv,hv
2021-11-09T06:46:06.263Z,61.3873,-149.9846,16,2.8,ml,,,,0.8,ak,ak021edr23oq,2021-11-09T21:29:54.183Z,"3 km N of Point MacKenzie, Alaska",earthquake,,0.4,,,automatic,ak,ak
2021-11-09T07:03:44.999Z,-49.5879,125.8531,10,4.6,mb,,128,15.904,0.58,us,us7000fslf,2021-11-09T07:19:37.040Z,"western Indian-Antarctic Ridge",earthquake,12.1,1.9,0.116,25,reviewed,us,us
2021-11-09T08:43:36.632Z,55.1722,-154.9997,19.2,2.8,ml,,,,1.32,ak,ak021eds8j9x,2021-11-09T18:13:45.042Z,"204 km SSW of Akhiok, Alaska",earthquake,,99.2,,,reviewed,ak,ak
2021-11-09T08:53:14.503Z,60.4754,-144.0003,0,2.5,ml,,,,0.69,ak,ak021edsahg6,2021-11-09T18:18:25.787Z,"96 km E of Cordova, Alaska",earthquake,,0,,,reviewed,ak,ak
2021-11-09T09:38:07.137Z,31.1500458,-103.2925777,3.715014648,2.5,ml,23,61,0.04201006951,0.2,tx,tx2021vyua,2021-11-09T16:42:38.119Z,"24 km WSW of Coyanosa, Texas",earthquake,1.014227757,1.055947736,0.2,10,reviewed,tx,tx
2021-11-09T10:07:38.593Z,55.8979,-157.2061,7.5,2.7,ml,,,,0.45,ak,ak021edt7jlv,2021-11-09T11:21:49.028Z,"86 km ESE of Chignik, Alaska",earthquake,,0.7,,,automatic,ak,ak
2021-11-09T10:31:37.819Z,59.5614,-153.0513,108.3,2.7,ml,,,,1.24,ak,ak021edtcoqc,2021-11-09T10:37:14.072Z,"64 km ESE of Pedro Bay, Alaska",earthquake,,0.6,,,automatic,ak,ak
2021-11-09T10:57:27.929Z,31.9988,78.5637,10,4.5,mb,,87,4.752,0.46,us,us7000fsnw,2021-11-09T11:55:52.064Z,"90 km NE of Sar?han, India",earthquake,3.7,1.9,0.067,66,reviewed,us,us
2021-11-09T11:13:02.393Z,11.0647,-86.4981,35,4.8,mb,,157,0.965,0.62,us,us7000fsp1,2021-11-10T01:32:36.769Z,"near the coast of Nicaragua",earthquake,5.1,2,0.028,386,reviewed,us,us
2021-11-09T12:18:32.350Z,35.8378333,-117.666,5.04,2.76,ml,36,34,0.05987,0.13,ci,ci39852735,2021-11-09T22:06:35.481Z,"24km N of Ridgecrest, CA",earthquake,0.13,0.33,0.122,92,reviewed,ci,ci
2021-11-09T12:19:05.933Z,38.667,-97.4726,3.27,3,mb_lg,,99,0.732,0.27,us,us7000fspc,2021-11-10T10:34:49.158Z,"5 km SW of Gypsum, Kansas",earthquake,1.6,5.6,0.049,109,reviewed,us,us
2021-11-09T13:07:31.433Z,39.5092,-114.9011,12.7,2.8,ml,5,150.66,0.675,0.1223,nn,nn00827753,2021-11-10T02:37:57.419Z,"15 km NW of McGill, Nevada",earthquake,,4.9,0.29,2,reviewed,nn,nn
2021-11-09T13:07:54.457Z,53.1139,-167.1071,34.2,3.9,mb,,215,0.567,0.52,us,us7000fspm,2021-11-09T14:23:45.040Z,"92 km SSW of Unalaska, Alaska",earthquake,8.4,11.8,0.107,23,reviewed,us,us
2021-11-09T13:14:48.661Z,56.2066,-156.5402,51.6,2.7,ml,,,,0.59,ak,ak021edv1d8q,2021-11-09T14:41:09.040Z,"115 km E of Chignik, Alaska",earthquake,,2.1,,,automatic,ak,ak
2021-11-09T13:16:28.190Z,31.4736667,-115.6675,11.08,2.62,ml,12,110,0.129,0.07,ci,ci39852759,2021-11-09T17:44:38.222Z,"89km ESE of Maneadero, B.C., MX",earthquake,0.42,0.61,0.128,42,reviewed,ci,ci
2021-11-09T13:36:59.140Z,31.16196437,-103.2780887,3.046606445,2.5,ml,25,60,0.02615997206,0.2,tx,tx2021vzbx,2021-11-09T16:48:11.040Z,"22 km WSW of Coyanosa, Texas",earthquake,0.8234865722,0.883414495,0.2,7,reviewed,tx,tx
2021-11-09T14:25:42.414Z,36.6288,71.1367,201.48,4.4,mb,,71,0.669,0.42,us,us7000fspx,2021-11-09T15:09:02.040Z,"35 km W of Ashk?sham, Afghanistan",earthquake,4.8,5.2,0.081,44,reviewed,us,us
2021-11-09T14:45:33.089Z,-19.6706,-69.4748,103.59,4.1,mb,,85,0.192,0.34,us,us7000fspy,2021-11-09T17:14:23.745Z,"92 km NE of Iquique, Chile",earthquake,7.6,3.4,0.197,7,reviewed,us,us
2021-11-09T15:17:15.557Z,6.8819,-73.0192,142.78,4.3,mb,,77,0.985,0.5,us,us7000fsq4,2021-11-09T15:59:30.040Z,"12 km SSE of Piedecuesta, Colombia",earthquake,8.1,7.5,0.065,70,reviewed,us,us
2021-11-09T15:37:57.111Z,5.8715,126.6292,55.95,4.3,mb,,175,1.583,0.64,us,us7000fsq6,2021-11-09T16:11:52.040Z,"73 km SE of Pondaguitan, Philippines",earthquake,10.7,10.7,0.161,12,reviewed,us,us
2021-11-09T16:15:09.550Z,35.87,-117.6983333,8.83,2.54,ml,37,37,0.08175,0.11,ci,ci39852935,2021-11-10T04:31:44.373Z,"20km ESE of Little Lake, CA",earthquake,0.14,0.35,0.19,25,reviewed,ci,ci
2021-11-09T18:24:14.486Z,23.9958,122.3123,27.65,4.8,mb,,61,0.679,0.79,us,us7000fss1,2021-11-09T18:55:13.040Z,"72 km E of Hualien City, Taiwan",earthquake,3.5,4.6,0.061,93,reviewed,us,us
2021-11-09T19:48:30.960Z,40.3656654,-124.2371674,24.84,2.83,md,12,106,0.05659,0.06,nc,nc73650800,2021-11-12T16:31:28.040Z,"6km NE of Petrolia, CA",earthquake,0.79,1.04,0.11,12,automatic,nc,nc
2021-11-09T20:36:28.730Z,34.6301667,-116.6413333,6.76,2.57,ml,39,52,0.01953,0.12,ci,ci39853095,2021-11-12T16:54:35.040Z,"36km NE of Lucerne Valley, CA",earthquake,0.14,0.37,0.148,24,reviewed,ci,ci
2021-11-09T20:39:59.820Z,19.2553333333333,-155.392666666667,32.25,2.94,ml,53,131,,0.12,hv,hv72789347,2021-11-12T17:23:26.040Z,"10 km ENE of P?hala, Hawaii",earthquake,0.41,0.48,0.14561924081968,37,reviewed,hv,hv
2021-11-09T22:11:53.720Z,48.397,-122.2045,15.93,3,ml,48,27,0.04165,0.29,uw,uw61796116,2021-11-13T01:35:13.984Z,"2 km ESE of Big Lake, Washington",earthquake,0.36,0.64,0.176515694239338,12,reviewed,uw,uw
2021-11-09T22:36:36.094Z,5.6992,126.0902,108.59,4.6,mb,,83,1.453,0.8,us,us7000fsty,2021-11-09T23:04:24.040Z,"55 km ESE of Caburan, Philippines",earthquake,6,5.6,0.062,78,reviewed,us,us
2021-11-10T02:50:09.877Z,-7.6064,105.8246,38.41,5,mb,,59,1.815,1.43,us,us7000fsv8,2021-11-10T06:16:20.664Z,"105 km SW of Pelabuhanratu, Indonesia",earthquake,6.6,7.1,0.072,62,reviewed,us,us
2021-11-10T02:56:04.460Z,18.0261,-66.7838,14,2.81,md,22,123,0.1783,0.15,pr,pr2021314000,2021-11-10T03:13:40.836Z,"1 km NE of Guayanilla, Puerto Rico",earthquake,0.29,0.39,0.26,14,reviewed,pr,pr
2021-11-10T03:18:41.483Z,-24.1939,-67.3882,210.39,4.3,mb,,120,1.433,0.47,us,us7000fsvf,2021-11-10T03:35:28.040Z,"108 km W of San Antonio de los Cobres, Argentina",earthquake,10.2,4.1,0.217,6,reviewed,us,us
2021-11-10T03:55:02.495Z,-40.5264,-91.3543,10,4.4,mb,,184,14.329,0.83,us,us7000fsvm,2021-11-10T04:12:35.040Z,"West Chile Rise",earthquake,9.2,2,0.123,19,reviewed,us,us
2021-11-10T05:48:24.150Z,-25.5682,-69.4646,116.4,4.3,mwr,,77,1.173,0.7,us,us7000fsw7,2021-11-10T07:22:39.040Z,"104 km E of Taltal, Chile",earthquake,5.8,9,,,reviewed,us,guc
2021-11-10T06:14:32.740Z,36.7606,71.4381,169.31,4.1,mb,,91,0.78,0.51,us,us7000fswb,2021-11-10T08:01:36.040Z,"12 km NW of Ashk?sham, Afghanistan",earthquake,4.5,6,0.097,30,reviewed,us,us
2021-11-10T06:51:46.926Z,-32.8405,-71.2692,65.05,4.3,mwr,,60,0.366,0.52,us,us7000fswl,2021-11-11T05:29:25.132Z,"5 km NNW of Quillota, Chile",earthquake,3.5,3.9,0.075,17,reviewed,us,us
2021-11-10T09:03:19.190Z,18.6808,-67.4885,13,3.15,md,10,208,0.2965,0.27,pr,pr2021314001,2021-11-10T11:46:47.758Z,"45 km NW of Aguadilla, Puerto Rico",earthquake,0.87,0.93,0.06,5,reviewed,pr,pr
2021-11-10T09:59:31.144Z,-28.3459,-13.3212,10,4.9,mb,,85,14.178,0.42,us,us7000fsxv,2021-11-10T11:00:37.040Z,"southern Mid-Atlantic Ridge",earthquake,12.2,1.9,0.104,29,reviewed,us,us
2021-11-10T10:11:46.620Z,-28.2558,-13.2318,10,4.9,mb,,86,14.06,0.67,us,us7000fsxn,2021-11-10T10:29:27.040Z,"southern Mid-Atlantic Ridge",earthquake,11.6,1.9,0.099,32,reviewed,us,us
2021-11-10T10:51:04.724Z,-24.2791,-67.2654,192.72,4.6,mb,,102,1.564,0.61,us,us7000fsxu,2021-11-10T11:11:53.040Z,"96 km W of San Antonio de los Cobres, Argentina",earthquake,10.5,12,0.206,7,reviewed,us,us
2021-11-10T11:02:11.494Z,36.8373,-33.3595,10,5.1,mb,,93,21.465,0.77,us,us7000fsxw,2021-11-10T11:54:49.511Z,"Azores Islands region",earthquake,9.7,1.6,0.054,114,reviewed,us,us
2021-11-10T14:10:19.918Z,31.66249071,-104.338277,6.671435547,2.6,ml,21,60,0.1161224577,0.3,tx,tx2021wayn,2021-11-10T18:46:45.464Z,"57 km S of Whites City, New Mexico",earthquake,1.254640301,1.659059691,0.2,11,reviewed,tx,tx
2021-11-10T14:43:21.286Z,31.66871241,-104.3727799,6.157275391,3,ml,32,79,0.1091158382,0.3,tx,tx2021wazp,2021-11-10T20:33:43.052Z,"56 km S of Whites City, New Mexico",earthquake,1.108848346,1.314581561,0.2,15,reviewed,tx,tx
2021-11-10T15:09:48.331Z,2.8204,127.5286,78.85,4.7,mb,,153,2.041,0.56,us,us7000fszj,2021-11-10T22:00:00.040Z,"132 km NNW of Tobelo, Indonesia",earthquake,2.4,8.2,0.085,42,reviewed,us,us
2021-11-10T15:45:13.002Z,23.5414,126.4798,10,6.6,mww,,20,3.303,1.12,us,us7000fszl,2021-11-11T15:55:01.828Z,"184 km SE of Hirara, Japan",earthquake,2.4,1.8,0.055,32,reviewed,us,us
2021-11-10T15:45:17.000Z,23.7,126.4,10,6.6,Mi,195,25.199997984000163,0,1.38,at,at00r2d3bo,2021-11-10T16:09:25.453Z,"165 km SE of Hirara, Japan",earthquake,0,0,,11,reviewed,at,at
2021-11-10T16:01:59.484Z,-19.5844,-173.111,10,4.9,mb,,104,5.785,0.62,us,us7000fszy,2021-11-11T01:29:47.467Z,"132 km ENE of Pangai, Tonga",earthquake,11.6,1.9,0.136,19,reviewed,us,us
2021-11-10T17:46:40.309Z,-4.3528,134.1848,10,6,mww,,30,2.4,0.84,us,us7000ft0f,2021-11-11T17:53:21.351Z,"182 km SW of Nabire, Indonesia",earthquake,7.5,1.8,0.049,40,reviewed,us,us
2021-11-10T18:15:31.320Z,18.1501,-65.8843,15,3.26,md,12,131,0.2549,0.2,pr,pr2021314002,2021-11-11T01:21:53.211Z,"4 km SSW of Las Piedras, Puerto Rico",earthquake,0.58,0.68,0.19,9,reviewed,pr,pr
2021-11-10T21:19:57.408Z,-6.6634,154.9304,35,5,mb,,67,3.69,1.16,us,us7000ft2k,2021-11-10T21:49:29.040Z,"72 km WSW of Panguna, Papua New Guinea",earthquake,9.3,1.9,0.066,73,reviewed,us,us
2021-11-10T21:38:21.299Z,56.2548,-149.4015,21.27,3.8,ml,,185,2.318,0.59,us,us7000ft2p,2021-11-10T22:24:20.040Z,"231 km SE of Chiniak, Alaska",earthquake,7.6,7.5,0.043,72,reviewed,us,us
2021-11-10T23:32:26.024Z,61.2565,-150.4339,44.4,3.1,ml,,,,0.71,ak,ak021efomutn,2021-11-11T23:35:10.979Z,"26 km WSW of Point MacKenzie, Alaska",earthquake,,0.3,,,reviewed,ak,ak
2021-11-11T00:22:33.210Z,17.903,-66.8823,12,3.21,md,24,202,0.175,0.16,pr,pr2021315001,2021-11-11T01:00:28.040Z,"8 km SSE of Guánica, Puerto Rico",earthquake,0.65,0.44,0.15,21,reviewed,pr,pr
2021-11-11T00:26:24.580Z,17.9075,-66.8886,15,2.98,md,11,230,0.1675,0.17,pr,pr2021315000,2021-11-11T00:43:15.149Z,"7 km SSE of Guánica, Puerto Rico",earthquake,0.61,0.78,0.1,6,reviewed,pr,pr
2021-11-11T00:28:51.955Z,-2.5371,-12.2737,10,4.9,mb,,66,11.768,0.61,us,us7000ft3z,2021-11-11T01:16:49.040Z,"north of Ascension Island",earthquake,4.9,1.9,0.085,43,reviewed,us,us
2021-11-11T01:54:19.260Z,35.2065,-118.6725,6.44,2.64,ml,53,26,0.0279,0.18,ci,ci39854175,2021-11-11T15:12:08.890Z,"14km E of Arvin, CA",earthquake,0.16,0.44,0.146,107,reviewed,ci,ci
2021-11-11T02:14:26.403Z,63.4591,-151.7935,8.8,2.7,ml,,,,1.07,ak,ak021egzk8ts,2021-11-11T02:42:31.053Z,"9 km SSW of Denali National Park, Alaska",earthquake,,0.4,,,automatic,ak,ak
2021-11-11T02:25:05.337Z,53.8724,160.7358,47.31,4.6,mb,,112,1.51,1.06,us,us7000ft4c,2021-11-11T02:54:45.040Z,"165 km SE of Mil’kovo, Russia",earthquake,10.2,6.6,0.078,52,reviewed,us,us
2021-11-11T03:21:29.331Z,36.4483,141.0634,43.05,4.5,mb,,135,2.306,0.91,us,us7000ft4j,2021-11-11T15:38:13.526Z,"40 km ESE of Hitachi, Japan",earthquake,8.9,4.4,0.156,12,reviewed,us,us
2021-11-11T03:39:30.484Z,14.097,-92.212,50.59,4.4,mb,,180,2.173,0.89,us,us7000ft4m,2021-11-11T05:35:01.729Z,"38 km SW of Champerico, Guatemala",earthquake,8.5,5.6,0.037,211,reviewed,us,us
2021-11-11T04:09:09.160Z,39.4166667,-123.2831667,6.2,2.82,md,53,43,0.05332,0.09,nc,nc73651400,2021-11-12T08:04:11.317Z,"6km E of Willits, CA",earthquake,0.13,0.3,0.203,57,reviewed,nc,nc
2021-11-11T04:33:17.497Z,-14.1846,-72.8541,85.92,4.2,mb,,121,4.457,0.88,us,us7000ft4t,2021-11-11T05:09:21.040Z,"17 km NE of Sabaino, Peru",earthquake,6.9,19.2,0.186,8,reviewed,us,us
2021-11-11T05:26:10.600Z,31.2338333,-115.912,11.12,3.27,ml,8,214,0.1915,0.13,ci,ci39854223,2021-11-11T14:25:53.638Z,"82km SE of Maneadero, B.C., MX",earthquake,0.59,0.87,0.116,41,reviewed,ci,ci
2021-11-11T05:54:55.857Z,39.5898,-98.485,10,2.8,mb_lg,,70,1.178,0.41,us,us7000ft54,2021-11-11T06:23:09.040Z,"9 km NNW of Cawker City, Kansas",earthquake,2.6,2,0.052,101,reviewed,us,us
2021-11-11T06:13:30.845Z,39.629,-98.5198,10,2.6,mb_lg,,72,1.214,0.38,us,us7000ft55,2021-11-11T06:35:09.040Z,"14 km N of Downs, Kansas",earthquake,2.5,1.8,0.066,59,reviewed,us,us
2021-11-11T06:34:51.817Z,51.1653,178.9971,32.33,4.7,mb,,204,0.815,0.95,us,us7000ft5d,2021-11-11T16:34:24.841Z,"Rat Islands, Aleutian Islands, Alaska",earthquake,11.1,8.6,0.035,239,reviewed,us,us
2021-11-11T06:35:19.146Z,-30.1866,-176.5598,10,5,mb,,237,1.499,0.36,us,us7000ft5a,2021-11-11T06:56:51.040Z,"Kermadec Islands region",earthquake,14.9,2,0.124,28,reviewed,us,us
2021-11-11T07:48:58.099Z,-38.6119,176.1293,120.49,4.1,mb,,120,0.666,0.82,us,us7000ft5s,2021-11-11T09:38:11.564Z,"8 km NNE of Taupo, New Zealand",earthquake,5.6,7.6,0.262,7,reviewed,us,us
2021-11-11T09:00:07.584Z,-39.2634,-75.0376,10,4.2,mb,,166,1.389,0.84,us,us7000ft65,2021-11-11T10:59:42.040Z,"154 km WNW of Corral, Chile",earthquake,9.1,1.9,0.187,8,reviewed,us,us
2021-11-11T09:43:36.738Z,-2.6811,-79.4648,10,3.9,mb,,175,2.166,0.83,us,us7000ft6j,2021-11-11T21:48:06.305Z,"17 km E of Naranjal, Ecuador",earthquake,7.9,2,0.23,5,reviewed,us,us
2021-11-11T10:06:20.367Z,43.6789,-127.3425,10,3.8,mb,,194,2.389,0.97,us,us7000ft6a,2021-11-11T11:08:42.040Z,"245 km WNW of Bandon, Oregon",earthquake,10,2,0.228,5,reviewed,us,us
2021-11-11T10:20:46.388Z,55.424,-156.8579,33.1,2.7,ml,,,,0.59,ak,ak021eh4d5pj,2021-11-12T06:16:27.040Z,"136 km SE of Chignik, Alaska",earthquake,,39,,,reviewed,ak,ak
2021-11-11T11:08:00.736Z,32.1194458,-102.1578458,7.703247069999999,2.7,ml,17,57,0.01281127941,0.1,tx,tx2021wcnz,2021-11-11T16:57:26.853Z,"15 km NNW of Midland, Texas",earthquake,0.67683956,1.41793346,0.2,10,reviewed,tx,tx
2021-11-11T11:47:05.269Z,31.66404537,-104.3471714,6.645727539,3.1,ml,28,60,0.1169267559,0.3,tx,tx2021wcph,2021-11-11T16:53:32.081Z,"56 km S of Whites City, New Mexico",earthquake,1.13868948,1.404051878,0.2,18,reviewed,tx,tx
2021-11-11T13:21:40.610Z,63.7984,-20.074,10,5.1,mb,,116,1.098,1.37,us,us7000ft83,2021-11-12T06:57:43.040Z,"40 km NNE of Vestmannaeyjar, Iceland",earthquake,7.4,1.9,0.084,46,reviewed,us,us
2021-11-11T13:35:29.560Z,40.3666649,-124.2300034,25.52,2.86,md,15,100,0.06095,0.06,nc,nc73651530,2021-11-11T16:50:20.040Z,"7km NE of Petrolia, CA",earthquake,0.59,0.83,0.07,16,automatic,nc,nc
2021-11-11T14:18:19.824Z,-4.9976,152.9604,60.26,4.6,mb,,121,1.128,1,us,us7000ft9m,2021-11-11T16:47:02.040Z,"105 km SE of Kokopo, Papua New Guinea",earthquake,10.6,7.5,0.077,50,reviewed,us,us
2021-11-11T14:56:04.580Z,18.575,-66.0863,69,2.75,md,9,218,0.6099,0.27,pr,pr2021315006,2021-11-11T17:22:56.274Z,"12 km N of San Juan, Puerto Rico",earthquake,2.13,1.74,0.04,3,reviewed,pr,pr
2021-11-11T15:05:05.840Z,38.8391685,-122.7503357,-0.17,3.28,ml,61,31,0.01758,0.42,nc,nc73651550,2021-11-12T18:43:44.040Z,"3km NW of Cobb, CA",earthquake,0.4,1.03,0.324,19,automatic,nc,nc
2021-11-11T15:06:59.340Z,18.5126,-65.5513,92,3.41,md,15,219,0.3381,0.16,pr,pr2021315007,2021-11-13T14:37:27.040Z,"23 km NNE of Fajardo, Puerto Rico",earthquake,1.47,0.82,0.03,9,reviewed,pr,pr
2021-11-11T18:19:25.084Z,-6.6027,108.105,164.41,4.2,mb,,120,0.966,0.65,us,us7000ftav,2021-11-12T17:58:28.040Z,"22 km NW of Jatiwangi, Indonesia",earthquake,9.2,7.2,0.124,18,reviewed,us,us
2021-11-11T18:58:50.858Z,59.641,-153.1198,109.4,3.9,ml,,,,0.51,ak,ak021eh9cns3,2021-11-12T18:31:13.040Z,"57 km ESE of Pedro Bay, Alaska",earthquake,,0.3,,,reviewed,ak,ak
2021-11-11T19:08:50.780Z,44.3025,-115.2,9.61,2.5,ml,11,87,0.837,0.27,mb,mb80529849,2021-11-12T20:52:56.740Z,"22 km WNW of Stanley, Idaho",earthquake,1.28,2.43,0.223,14,reviewed,mb,mb
2021-11-11T19:15:45.901Z,-29.5454,-179.1115,322.62,4.4,mb,,97,1.077,0.71,us,us7000ftba,2021-11-12T20:08:17.040Z,"Kermadec Islands region",earthquake,17.8,6.7,0.161,11,reviewed,us,us
2021-11-11T19:41:47.529Z,56.6,-148.7464,10,3.1,ml,,254,2.401,0.49,us,us7000ftc6,2021-11-12T20:15:56.040Z,"241 km ESE of Chiniak, Alaska",earthquake,4.2,2,0.051,50,reviewed,us,us
2021-11-11T20:16:20.048Z,44.3203,-115.1587,10,2.7,ml,,86,0.929,0.76,us,us7000ftbq,2021-11-12T18:57:21.040Z,"20 km WNW of Stanley, Idaho",earthquake,2.8,2,0.048,58,reviewed,us,us
2021-11-11T20:53:22.115Z,23.2932,126.3361,10,5,mb,,82,3.26,1.01,us,us7000ftc7,2021-11-11T21:12:45.040Z,"197 km SSE of Hirara, Japan",earthquake,7,1.8,0.051,122,reviewed,us,us
2021-11-11T21:42:30.870Z,32.2896,49.3472,10,4.4,mb,,80,4.133,0.8,us,us7000ftcv,2021-11-13T03:47:30.040Z,"39 km N of Masjed Soleym?n, Iran",earthquake,8,1.7,0.067,65,reviewed,us,us
2021-11-11T22:06:48.492Z,33.8602,141.8549,10,4.5,mb,,116,1.86,1.07,us,us7000ftd4,2021-11-13T04:49:43.040Z,"200 km SE of Katsuura, Japan",earthquake,4.5,1.9,0.145,14,reviewed,us,us
2021-11-12T00:00:28.619Z,51.6021,-178.4943,17.71,3.8,mb,,207,0.291,0.57,us,us7000ftex,2021-11-12T02:30:43.040Z,"132 km WSW of Adak, Alaska",earthquake,3.7,6.1,0.228,5,reviewed,us,us
2021-11-12T00:06:54.396Z,61.551,-146.4622,20,2.9,ml,,,,0.83,ak,ak021eilv2iy,2021-11-12T00:32:18.040Z,"47 km N of Valdez, Alaska",earthquake,,0.4,,,automatic,ak,ak
2021-11-12T00:32:13.855Z,-21.6281,-66.7844,230.66,4.5,mb,,130,1.844,0.89,us,us7000fte6,2021-11-12T01:12:58.040Z,"96 km SW of Atocha, Bolivia",earthquake,9.9,10.5,0.191,8,reviewed,us,us
2021-11-12T00:33:13.380Z,19.207,-155.435,33.73,3.32,ml,57,133,,0.11,hv,hv72792252,2021-11-12T21:03:11.002Z,"4 km E of P?hala, Hawaii",earthquake,0.37,0.43,0.159179523922969,40,reviewed,hv,hv
2021-11-12T00:34:16.811Z,-26.5632,-13.6867,10,5.7,mww,,45,12.883,0.8,us,us7000ftdy,2021-11-13T00:36:59.881Z,"",earthquake,10.2,1.8,0.098,10,reviewed,us,us
2021-11-12T01:39:13.910Z,19.2386,-67.4576,43,3.25,md,7,234,1.136,0.23,pr,pr2021316001,2021-11-12T08:28:52.334Z,"90 km NNW of San Antonio, Puerto Rico",earthquake,1.62,9.97,0,1,reviewed,pr,pr
2021-11-12T01:50:56.264Z,28.1529,105.2446,10,4.7,mb,,30,6.905,0.69,us,us7000ftet,2021-11-12T02:07:03.040Z,"Sichuan-Guizhou border region, China",earthquake,9.9,1.9,0.073,57,reviewed,us,us
2021-11-12T02:13:51.168Z,35.6389,140.215,63.54,4.6,mb,,105,1.857,0.66,us,us7000ftew,2021-11-13T00:41:59.602Z,"4 km ESE of Yotsukaid?, Japan",earthquake,7,6.9,0.072,58,reviewed,us,us
2021-11-12T02:16:36.966Z,44.3185,-115.1931,19.2,3.2,ml,,63,0.942,0.62,us,us7000ftev,2021-11-12T04:29:49.379Z,"23 km WNW of Stanley, Idaho",earthquake,1.6,9.4,0.031,134,reviewed,us,us
2021-11-12T02:44:16.681Z,62.757,-147.7571,0.8,2.7,ml,,,,0.86,ak,ak021eina015,2021-11-12T02:59:55.040Z,"81 km NW of Lake Louise, Alaska",earthquake,,0.3,,,automatic,ak,ak
2021-11-12T02:53:06.890Z,-58.0318,-25.5869,70.01,5.2,mb,,72,7.151,0.75,us,us7000ftfa,2021-11-12T03:11:19.040Z,"South Sandwich Islands region",earthquake,10.3,7.1,0.059,95,reviewed,us,us
2021-11-12T03:11:16.179Z,35.613,-97.04266667,6.89,2.77,ml,82,35,0,0.14,ok,ok2021wdtu,2021-11-12T17:29:51.107Z,"8 km SSW of Warwick, Oklahoma",earthquake,,0.3,0.18,29,reviewed,ok,ok
2021-11-12T03:12:50.099Z,-58.8728,-25.0681,35,4.6,mb,,90,15.693,0.47,us,us7000ftft,2021-11-12T03:32:50.040Z,"South Sandwich Islands region",earthquake,9.7,1.9,0.116,22,reviewed,us,us
2021-11-12T03:45:55.179Z,35.237,23.1651,10,4.3,mb,,71,1.412,1.27,us,us7000ftg5,2021-11-12T04:01:50.040Z,"47 km W of Palaióchora, Greece",earthquake,6.1,1.9,0.104,26,reviewed,us,us
2021-11-12T04:00:07.670Z,18.0358,-67.6021,52,3.13,md,18,183,0.4919,0.33,pr,pr2021316011,2021-11-12T14:43:42.300Z,"44 km W of Puerto Real, Puerto Rico",earthquake,1.61,1.88,0.12,9,reviewed,pr,pr
2021-11-12T05:09:18.080Z,29.9769,-113.8147,10,4.3,mb,,198,1.384,0.5,us,us7000ftgr,2021-11-12T18:24:02.883Z,"108 km W of La Libertad, Mexico",earthquake,4.9,2,0.154,12,reviewed,us,us
2021-11-12T05:59:16.526Z,-24.5645,-179.7515,508.24,4.2,mb,,122,4.956,0.97,us,us7000ftgx,2021-11-12T06:36:51.040Z,"south of the Fiji Islands",earthquake,11,7.6,0.146,13,reviewed,us,us
2021-11-12T06:33:23.137Z,0.1897,98.5197,39.87,4.7,mb,,138,1.454,0.66,us,us7000fth3,2021-11-12T06:48:31.040Z,"155 km SSW of Padangsidempuan, Indonesia",earthquake,7.4,5.9,0.147,14,reviewed,us,us
2021-11-12T06:40:31.336Z,69.9175,-147.6039,10.4,2.8,ml,,,,0.63,ak,ak021eipmwq0,2021-11-12T07:59:22.499Z,"46 km SE of Prudhoe Bay, Alaska",earthquake,,0.6,,,automatic,ak,ak
2021-11-12T06:43:06.187Z,44.3532,-115.2189,11.18,2.5,ml,,62,0.921,0.29,us,us7000fth5,2021-11-12T16:37:27.120Z,"26 km NW of Stanley, Idaho",earthquake,2.4,10.4,0.048,58,reviewed,us,us
2021-11-12T07:40:39.235Z,44.3302,-115.1905,3.36,4,mwr,,63,0.95,0.65,us,us7000fthc,2021-11-13T07:44:24.613Z,"23 km WNW of Stanley, Idaho",earthquake,1.4,5.3,0.052,36,reviewed,us,us
2021-11-12T07:42:47.496Z,18.3787,-74.2953,7.22,4.6,mwr,,61,1.722,0.74,us,us7000fthe,2021-11-12T23:46:04.300Z,"11 km NW of Les Anglais, Haiti",earthquake,6.2,5.3,0.086,13,reviewed,us,us
2021-11-12T07:46:36.646Z,44.3175,-115.1929,10,3.4,ml,,64,0.941,0.63,us,us7000fthg,2021-11-13T03:46:53.082Z,"23 km WNW of Stanley, Idaho",earthquake,2.2,2,0.039,88,reviewed,us,us
2021-11-12T08:32:30.119Z,2.1409,96.2074,10,4.7,mb,,198,1.6,0.62,us,us7000fthq,2021-11-12T08:50:43.040Z,"42 km SSW of Sinabang, Indonesia",earthquake,6.8,1.7,0.092,36,reviewed,us,us
2021-11-12T09:19:15.537Z,38.1843,38.7856,7,4.8,mwr,,75,1.607,0.56,us,us7000fthz,2021-11-12T14:57:59.641Z,"22 km NE of Sincik, Turkey",earthquake,6.3,1.9,0.089,12,reviewed,us,us
2021-11-12T10:14:17.654Z,44.6788,-129.0123,27.93,3.5,ml,,257,3.665,0.56,us,us7000fti7,2021-11-12T16:09:06.245Z,"off the coast of Oregon",earthquake,12.5,12.4,0.041,77,reviewed,us,us
2021-11-12T10:44:17.187Z,1.2867,98.8807,90.12,5,mww,,60,1.305,0.81,us,us7000ftia,2021-11-12T11:04:16.040Z,"44 km WSW of Padangsidempuan, Indonesia",earthquake,5.5,5.2,0.098,10,reviewed,us,us
2021-11-12T11:44:26.300Z,18.2056,-68.4818,100,3.97,md,25,169,0.3242,0.41,pr,pr2021316005,2021-11-12T12:17:45.040Z,"23 km SE of Boca de Yuma, Dominican Republic",earthquake,2.31,1.63,0.19,18,reviewed,pr,pr
2021-11-12T13:54:03.559Z,31.55596194,-104.1459891,6.671435547,2.9,ml,22,55,0.08127055081,0.3,tx,tx2021weoz,2021-11-12T14:14:48.040Z,"42 km NW of Toyah, Texas",earthquake,1.137138313,1.150732332,0.2,13,reviewed,tx,tx
2021-11-12T14:18:24.693Z,58.4841,-154.8932,0,2.9,ml,,,,0.92,ak,ak021eiu9n4z,2021-11-12T14:50:44.337Z,"105 km NNW of Karluk, Alaska",earthquake,,0.4,,,automatic,ak,ak
2021-11-12T15:08:27.410Z,41.4827,20.1674,10,4.6,mb,,38,0.265,0.81,us,us7000ftj6,2021-11-12T19:28:35.040Z,"4 km WSW of Bulqizë, Albania",earthquake,5.3,1.9,0.194,8,reviewed,us,us
2021-11-12T15:19:12.288Z,-23.2225,-179.1268,505.74,4.4,mb,,132,6.056,0.86,us,us7000ftj9,2021-11-12T19:19:44.040Z,"south of the Fiji Islands",earthquake,13.7,3.6,0.11,26,reviewed,us,us
2021-11-12T15:45:15.030Z,17.9271,-66.835,12,2.93,md,20,185,0.2135,0.16,pr,pr2021316012,2021-11-12T17:40:56.057Z,"7 km SSW of Indios, Puerto Rico",earthquake,0.46,0.36,0.31,9,reviewed,pr,pr
2021-11-12T17:19:17.568Z,-24.2436,-175.0807,10,4.9,mb,,86,5.605,0.87,us,us7000ftm9,2021-11-12T17:47:21.040Z,"south of Tonga",earthquake,11.1,1.6,0.099,33,reviewed,us,us
2021-11-12T17:25:54.131Z,31.55410894,-104.1492033,7.082763671999999,2.7,ml,27,55,0.08347682447,0.2,tx,tx2021wevz,2021-11-12T19:14:31.040Z,"42 km NW of Toyah, Texas",earthquake,0.9734001121,1.089487135,0.2,12,reviewed,tx,tx
2021-11-12T17:33:16.567Z,-20.9696,-70.2364,34.82,3.9,ml,,171,0.167,0.57,us,us7000ftmc,2021-11-13T05:25:03.573Z,"84 km S of Iquique, Chile",earthquake,4.6,6.8,0.06,36,reviewed,us,us
2021-11-12T17:48:17.293Z,25.4131,96.6119,21.46,4.3,mb,,88,4.3,0.57,us,us7000ftmh,2021-11-12T19:41:43.040Z,"79 km W of Myitkyina, Myanmar",earthquake,7,6.4,0.116,21,reviewed,us,us
2021-11-12T17:53:08.895Z,52.5286,-169.5093,22.36,3.4,ml,,211,1.033,0.52,us,us7000ftp2,2021-11-12T22:15:10.040Z,"63 km SW of Nikolski, Alaska",earthquake,8.8,3.8,0.097,14,reviewed,us,us
2021-11-12T19:21:58.100Z,17.9571,-67.007,6,2.84,md,19,204,0.0392,0.08,pr,pr2021316013,2021-11-12T19:56:06.859Z,"4 km ESE of La Parguera, Puerto Rico",earthquake,0.36,0.2,0.16,8,reviewed,pr,pr
2021-11-12T20:05:01.056Z,63.2808,-150.5909,131.2,2.7,ml,,,,0.41,ak,ak021eixret5,2021-11-12T22:34:36.040Z,"63 km ESE of Denali National Park, Alaska",earthquake,,0.7,,,automatic,ak,ak
2021-11-12T20:41:33.920Z,-16.2625,-74.5431,27.49,4.8,mb,,147,4.527,0.92,us,us7000ftnk,2021-11-12T22:11:48.040Z,"55 km SSW of Atiquipa, Peru",earthquake,8.2,4.2,0.063,80,reviewed,us,us
2021-11-12T22:28:54.305Z,21.6834,119.9058,10,4.6,mb,,87,1.567,0.56,us,us7000ftpi,2021-11-12T22:42:39.040Z,"93 km WSW of Hengchun, Taiwan",earthquake,6.6,1.8,0.083,43,reviewed,us,us
2021-11-12T23:46:19.420Z,44.313,-115.1968333,10.28,2.69,ml,14,83,0.834,0.34,mb,mb80530074,2021-11-13T15:16:30.790Z,"23 km WNW of Stanley, Idaho",earthquake,0.81,1.59,0.139,15,reviewed,mb,mb
2021-11-13T01:45:50.260Z,19.1753333333333,-155.473833333333,35.28,2.62,md,48,80,,0.12,hv,hv72793907,2021-11-13T02:38:36.960Z,"3 km S of P?hala, Hawaii",earthquake,0.48,0.6,0.121261094576684,19,reviewed,hv,hv
2021-11-13T03:18:54.482Z,-20.6131,-177.6924,496.85,4.9,mb,,77,4.93,1.02,us,us7000ftr1,2021-11-13T03:36:32.040Z,"264 km WNW of Haveluloto, Tonga",earthquake,9.9,4.6,0.027,447,reviewed,us,us
2021-11-13T03:29:18.735Z,60.5594,-152.1175,18.2,2.5,ml,,,,0.92,ak,ak021ekbbkap,2021-11-13T03:39:09.715Z,"44 km W of Salamatof, Alaska",earthquake,,2.1,,,automatic,ak,ak
2021-11-13T04:45:06.534Z,31.2215,130.3553,150.58,4.9,mb,,95,0.298,0.73,us,us7000ftrg,2021-11-13T05:10:22.040Z,"6 km SE of Makurazaki, Japan",earthquake,8,3.1,0.053,114,reviewed,us,us
2021-11-13T04:53:34.340Z,32.4132,-103.5923,5,3.2,ml,,58,0.082,0.34,us,us7000ftrh,2021-11-13T05:06:33.040Z,"38 km SW of Monument, New Mexico",earthquake,2,2,0.115,22,reviewed,us,us
2021-11-13T05:02:52.771Z,46.0499,144.8432,10,4.7,mb,,132,1.701,0.5,us,us7000ftrx,2021-11-13T05:44:28.040Z,"171 km ESE of Korsakov, Russia",earthquake,7.1,1.9,0.086,41,reviewed,us,us
2021-11-13T05:46:08.126Z,-4.1062,129.1182,131.96,4.5,mb,,66,3.339,0.52,us,us7000ftry,2021-11-13T06:03:21.040Z,"87 km SSE of Amahai, Indonesia",earthquake,4.7,8.4,0.108,25,reviewed,us,us
2021-11-13T07:05:30.110Z,43.2419,-109.7917,10,2.5,ml,,129,0.504,0.6,us,us7000fts9,2021-11-13T14:47:30.520Z,"34 km SSW of Dubois, Wyoming",earthquake,1.4,2,0.052,48,reviewed,us,us
2021-11-13T07:28:48.902Z,38.1864,-117.8423,9.9,2.8,ml,28,49.56,0.033,0.2929,nn,nn00827975,2021-11-13T07:51:35.040Z,"32 km SE of Mina, Nevada",earthquake,,0.3,0.36,13,automatic,nn,nn
2021-11-13T07:56:31.265Z,61.6941,-150.8523,2.2,2.9,ml,,,,0.95,ak,ak021ekdv47f,2021-11-13T10:32:16.715Z,"24 km NW of Susitna, Alaska",earthquake,,0.3,,,automatic,ak,ak
2021-11-13T08:11:56.410Z,17.9373,-68.38,119,3.81,md,11,338,1.2723,0.19,pr,pr2021317002,2021-11-13T08:51:50.760Z,"54 km SSE of Boca de Yuma, Dominican Republic",earthquake,2.89,2.05,0.11,5,reviewed,pr,pr
2021-11-13T10:18:12.899Z,31.5602,-104.1265,5,2.7,ml,,64,0.291,0.33,us,us7000ftsy,2021-11-13T10:29:03.040Z,"western Texas",earthquake,0.8,1.9,0.069,32,reviewed,us,us
2021-11-13T10:19:48.435Z,28.0958,52.2186,10,4.3,mb,,104,4.753,0.4,us,us7000ftt0,2021-11-13T12:35:02.040Z,"88 km NW of Mohr, Iran",earthquake,4.4,1.9,0.093,33,reviewed,us,us
2021-11-13T10:21:34.370Z,16.4964,-95.1613,31.4,4.3,mb,,175,2.911,0.5,us,us7000ftt4,2021-11-13T16:02:56.602Z,"0 km NW of San Pedro Comitancillo, Mexico",earthquake,6.7,11,0.055,93,reviewed,us,us
2021-11-13T11:02:01.414Z,36.7849,-104.9625,5,2.5,ml,,114,0.081,0.27,us,us7000ftt5,2021-11-13T11:31:45.040Z,"28 km NNE of Ute Park, New Mexico",earthquake,3.8,2,0.048,56,reviewed,us,us
2021-11-13T11:16:59.939Z,34.1443,140.6781,81.9,4.4,mb,,153,1.254,0.98,us,us7000ftt6,2021-11-13T11:54:27.040Z,"116 km SSE of Katsuura, Japan",earthquake,6.5,8.8,0.149,15,reviewed,us,us
2021-11-13T12:12:08.141Z,-22.768,-66.5631,277.14,4.3,mb,,66,1.501,0.7,us,us7000fttd,2021-11-13T12:45:25.040Z,"89 km W of Abra Pampa, Argentina",earthquake,4.1,10.2,0.189,9,reviewed,us,us
2021-11-13T12:38:32.238Z,16.0338,-95.4087,10,4.8,mb,,139,3.153,1.17,us,us7000fttf,2021-11-13T16:03:30.654Z,"3 km SSW of El Carrizal, Mexico",earthquake,6.5,1.9,0.027,407,reviewed,us,us
2021-11-13T13:05:53.954Z,-20.9732,119.8557,10,5.3,mww,,36,0.218,0.94,us,us7000fttj,2021-11-13T15:43:08.089Z,"24 km NNE of Marble Bar, Australia",earthquake,5.3,1.6,0.057,30,reviewed,us,us
2021-11-13T13:42:52.545Z,1.6969,127.4477,138.03,4.8,mb,,86,0.922,0.87,us,us7000ftts,2021-11-13T14:04:50.040Z,"62 km W of Tobelo, Indonesia",earthquake,8.6,6.6,0.056,99,reviewed,us,us
2021-11-13T14:08:44.633Z,-14.8751,-176.0335,10,5.5,mww,,73,2.098,0.95,us,us7000ftu4,2021-11-13T16:50:24.367Z,"176 km S of Mata-Utu, Wallis and Futuna",earthquake,3.4,1.8,0.08,15,reviewed,us,us
2021-11-13T14:10:39.798Z,-26.3852,-13.7217,10,5.3,mww,,79,12.76,1.1,us,us7000ftty,2021-11-13T14:25:43.040Z,"",earthquake,7.4,1.8,0.098,10,reviewed,us,us
2021-11-13T15:41:20.520Z,17.9425,-66.8276,11,2.77,md,17,178,0.2183,0.18,pr,pr2021317003,2021-11-13T16:05:08.646Z,"5 km S of Indios, Puerto Rico",earthquake,0.43,0.62,0.15,14,reviewed,pr,pr
2021-11-13T16:06:24.902Z,-15.8321,-173.1145,10,4.7,mb,,76,2.305,0.86,us,us7000ftue,2021-11-13T16:39:23.040Z,"74 km E of Hihifo, Tonga",earthquake,7.9,1.7,0.07,62,reviewed,us,us
2021-11-13T16:31:56.030Z,36.1755,-118.0305,0.75,2.52,ml,25,79,0.1535,0.15,ci,ci40095672,2021-11-13T16:35:26.816Z,"12km S of Olancha, CA",earthquake,0.26,0.77,0.259,25,automatic,ci,ci
2021-11-13T16:47:39.623Z,57.8407,-32.6543,10,4.6,mb,,64,7.296,0.83,us,us7000ftun,2021-11-13T17:17:00.040Z,"",earthquake,8.6,1.9,0.052,112,reviewed,us,us
